{
  "device": "mps",
  "params_millions": 4.99712,
  "config": {
    "n_layer": 6,
    "n_embd": 160,
    "n_head": 4,
    "mlp_internal_dim_multiplier": 64,
    "vocab_size": 256
  },
  "n_examples": 200,
  "train_seconds": 517.6488292217255,
  "best_val_loss": 0.5465756058692932,
  "loss_curve_train": [
    [
      1,
      5.569194793701172
    ],
    [
      2,
      5.225419521331787
    ],
    [
      3,
      4.890336036682129
    ],
    [
      4,
      4.694301128387451
    ],
    [
      5,
      4.536281585693359
    ],
    [
      6,
      4.392080307006836
    ],
    [
      7,
      4.249361991882324
    ],
    [
      8,
      4.1109819412231445
    ],
    [
      9,
      3.983290195465088
    ],
    [
      10,
      3.866313934326172
    ],
    [
      11,
      3.7658658027648926
    ],
    [
      12,
      3.6680164337158203
    ],
    [
      13,
      3.570826530456543
    ],
    [
      14,
      3.4738593101501465
    ],
    [
      15,
      3.412550449371338
    ],
    [
      16,
      3.3369688987731934
    ],
    [
      17,
      3.275972843170166
    ],
    [
      18,
      3.221283435821533
    ],
    [
      19,
      3.16780424118042
    ],
    [
      20,
      3.1074464321136475
    ],
    [
      21,
      3.0610387325286865
    ],
    [
      22,
      3.0060629844665527
    ],
    [
      23,
      2.9642722606658936
    ],
    [
      24,
      2.9296388626098633
    ],
    [
      25,
      2.892533779144287
    ],
    [
      26,
      2.853454351425171
    ],
    [
      27,
      2.827895164489746
    ],
    [
      28,
      2.783967971801758
    ],
    [
      29,
      2.7638392448425293
    ],
    [
      30,
      2.7483224868774414
    ],
    [
      31,
      2.706305980682373
    ],
    [
      32,
      2.6932544708251953
    ],
    [
      33,
      2.6484744548797607
    ],
    [
      34,
      2.6502187252044678
    ],
    [
      35,
      2.6065497398376465
    ],
    [
      36,
      2.58797550201416
    ],
    [
      37,
      2.553006410598755
    ],
    [
      38,
      2.5553550720214844
    ],
    [
      39,
      2.5251336097717285
    ],
    [
      40,
      2.5061328411102295
    ],
    [
      41,
      2.4727518558502197
    ],
    [
      42,
      2.455137252807617
    ],
    [
      43,
      2.45029354095459
    ],
    [
      44,
      2.416649341583252
    ],
    [
      45,
      2.393613815307617
    ],
    [
      46,
      2.36801815032959
    ],
    [
      47,
      2.3375415802001953
    ],
    [
      48,
      2.3294968605041504
    ],
    [
      49,
      2.3201334476470947
    ],
    [
      50,
      2.29647159576416
    ],
    [
      51,
      2.246595859527588
    ],
    [
      52,
      2.255103588104248
    ],
    [
      53,
      2.2920002937316895
    ],
    [
      54,
      2.2231788635253906
    ],
    [
      55,
      2.246817111968994
    ],
    [
      56,
      2.191851854324341
    ],
    [
      57,
      2.1630468368530273
    ],
    [
      58,
      2.1733603477478027
    ],
    [
      59,
      2.0792040824890137
    ],
    [
      60,
      2.1203458309173584
    ],
    [
      61,
      2.035891056060791
    ],
    [
      62,
      2.0176749229431152
    ],
    [
      63,
      1.960997223854065
    ],
    [
      64,
      1.9602813720703125
    ],
    [
      65,
      1.9385216236114502
    ],
    [
      66,
      1.8887643814086914
    ],
    [
      67,
      1.806744933128357
    ],
    [
      68,
      1.7857893705368042
    ],
    [
      69,
      1.670627474784851
    ],
    [
      70,
      1.639162540435791
    ],
    [
      71,
      1.6754244565963745
    ],
    [
      72,
      1.6384137868881226
    ],
    [
      73,
      1.5207653045654297
    ],
    [
      74,
      1.5360108613967896
    ],
    [
      75,
      1.516808271408081
    ],
    [
      76,
      1.454856514930725
    ],
    [
      77,
      1.3713533878326416
    ],
    [
      78,
      1.272958755493164
    ],
    [
      79,
      1.2655380964279175
    ],
    [
      80,
      1.2624605894088745
    ],
    [
      81,
      1.1648812294006348
    ],
    [
      82,
      1.1914259195327759
    ],
    [
      83,
      1.1576522588729858
    ],
    [
      84,
      1.1256449222564697
    ],
    [
      85,
      0.991671621799469
    ],
    [
      86,
      1.0915720462799072
    ],
    [
      87,
      0.9513453841209412
    ],
    [
      88,
      0.9032601118087769
    ],
    [
      89,
      0.9526301622390747
    ],
    [
      90,
      0.8520839214324951
    ],
    [
      91,
      0.8502190709114075
    ],
    [
      92,
      0.7607297897338867
    ],
    [
      93,
      0.7542954683303833
    ],
    [
      94,
      0.7520663738250732
    ],
    [
      95,
      0.6803550124168396
    ],
    [
      96,
      0.683824896812439
    ],
    [
      97,
      0.6915212273597717
    ],
    [
      98,
      0.6650319695472717
    ],
    [
      99,
      0.6224932074546814
    ],
    [
      100,
      0.5806503891944885
    ]
  ],
  "loss_curve_val": [
    [
      1,
      5.226892471313477
    ],
    [
      100,
      0.5465756058692932
    ]
  ],
  "data_bytes": 182736,
  "train_bytes": 173599,
  "val_bytes": 9137
}